Sex,rate,se
Male,0.737164066,0.171
Female,1.583093937,0.236
